﻿sentimen,Tiktok
1,flexing berkedok edukasi🌝
1,mungkin buka pintunya pake linggis😂
0,kalau orang Minang mengacek nyo Paja ko gadang Ota Se nyo😅
0,sianji tengil bet ampe ngomongin berjuta juta mentang²punya duit dia
0,"harganya di tinggi""in biar keliatan dia yg paling kaya"
0,malu maluin ihh s Ibnu 🤣
0,"itu taksinya collab sama Doraemon jadi pintunya pake pintu kemana saja, sekali buka bisa sat set sat set pindah kemana pun kamu mau"
0,kebelet sultan
0,gini amat cari followers cok 😅
0,"JELASIN PAKE NGEGAMBAR MOBIL, MANA MOBILNYA BEGITU buat apa😭😭"
0,paling lu buka pintunya sekalian di bawa pulang 😂😂
0,dri awal udh enek sama org ini 😂
0,dia bukanya sambil copot pintunya
0,dari dlu emg gk resep Ama nih orang. sok paling tau
0,hiperbola
0,@Ibnu Wardani woy mek
1,cuma main kaki ya kalah to..
1,kaya ya kasian si putih
1,24 jam belajar taekwondo
1,😅😅😅gudu juara karate Iki .tapi juara karambol
1,jelas muaythai lah
