﻿Sentimen,Tiktok
1,flexing berkedok edukasi🌝
1,mungkin buka pintunya pake linggis😂
-1,kalau orang Minang mengacek nyo Paja ko gadang Ota Se nyo😅
-1,sianji tengil bet ampe ngomongin berjuta juta mentang²punya duit dia
-1,"harganya di tinggi""in biar keliatan dia yg paling kaya"
-1,malu maluin ihh s Ibnu 🤣
-1,"itu taksinya collab sama Doraemon jadi pintunya pake pintu kemana saja, sekali buka bisa sat set sat set pindah kemana pun kamu mau"
-1,kebelet sultan
-1,gini amat cari followers cok 😅
-1,"JELASIN PAKE NGEGAMBAR MOBIL, MANA MOBILNYA BEGITU buat apa😭😭"
-1,paling lu buka pintunya sekalian di bawa pulang 😂😂
-1,dri awal udh enek sama org ini 😂
-1,dia bukanya sambil copot pintunya
-1,dari dlu emg gk resep Ama nih orang. sok paling tau
-1,hiperbola
-1,@Ibnu Wardani woy mek
1,cuma main kaki ya kalah to..
1,kaya ya kasian si putih
1,24 jam belajar taekwondo
1,😅😅😅gudu juara karate Iki .tapi juara karambol
1,jelas muaythai lah
